epoch,accuracy,val_loss,val_accuracy,loss,accuracy,val_loss,val_accuracy,loss,accuracy,val_loss,val_accuracy,loss,accuracy,val_loss,val_accuracy,loss,accuracy,val_loss,val_accuracy,loss,accuracy,val_loss,val_accuracy,loss,accuracy,val_loss,val_accuracy,loss,accuracy,val_loss,val_accuracy,loss,accuracy,val_loss,val_accuracy,loss,accuracy,val_loss,val_accuracy,loss,accuracy,val_loss,val_accuracy,loss,accuracy,val_loss,val_accuracy,loss,accuracy,val_loss,val_accuracy,loss,accuracy,val_loss,val_accuracy,loss,accuracy,val_loss,val_accuracy,loss,accuracy,val_loss,val_accuracy,loss,accuracy,val_loss,val_accuracy,loss,accuracy,val_loss,val_accuracy,loss,accuracy,val_loss,val_accuracy,loss,accuracy,val_loss,val_accuracy
0.09059319645166397,0.9884618520736694,0.06655392795801163,0.9850897192955017,0.11752695590257645,0.9795626401901245,0.0780891478061676,0.9787718057632446,0.14736513793468475,0.9631958603858948,0.08792400360107422,0.9709376096725464,0.1697222739458084,0.9463799595832825,0.08718711137771606,0.9709376096725464,0.11835772544145584,0.9804890155792236,0.06910686194896698,0.9823098182678223,0.2195666879415512,0.9348137378692627,0.16500839591026306,0.9355572462081909,0.13640443980693817,0.9701018929481506,0.06423789262771606,0.9800354242324829,0.1745629459619522,0.9457904100418091,0.06937450170516968,0.975233793258667,0.10857553035020828,0.9830156564712524,0.06753712147474289,0.9823098182678223,0.30905044078826904,0.8717890977859497,0.18673734366893768,0.926712155342102,0.09475243091583252,0.9865809679031372,0.0498768612742424,0.9873641729354858,0.14842627942562103,0.9650768041610718,0.07973438501358032,0.9742228984832764,0.10620129108428955,0.979085385799408,0.04713703319430351,0.9812989830970764,0.24889595806598663,0.9101653695106506,0.10722167044878006,0.9653778076171875,0.10711171478033066,0.9793661236763,0.05846235901117325,0.9805408120155334,0.09577171504497528,0.9871705174446106,0.04678098112344742,0.9893859028816223,0.27420279383659363,0.9027259349822998,0.1873459815979004,0.9221632480621338,0.13203130662441254,0.9751551151275635,0.09426011145114899,0.9732120633125305,0.12957094609737396,0.9659470319747925,0.05895064026117325,0.9812989830970764,0.11045713722705841,0.9789730906486511,0.05845627561211586,0.9812989830970764
0.044081155210733414,0.9887987375259399,0.05455203726887703,0.9853424429893494,0.06446897238492966,0.9799275398254395,0.06598999351263046,0.9792772531509399,0.06963719427585602,0.9769798517227173,0.06950893998146057,0.975233793258667,0.07929833233356476,0.971224844455719,0.07037889957427979,0.9762446284294128,0.05429501459002495,0.9823699593544006,0.05093495175242424,0.985595166683197,0.135390043258667,0.9462957382202148,0.14432379603385925,0.9438968896865845,0.05726161226630211,0.9808259010314941,0.0460582971572876,0.9850897192955017,0.06556369364261627,0.9775132536888123,0.05640421807765961,0.9815517067909241,0.05351467803120613,0.9834086894989014,0.04982280358672142,0.9835734367370605,0.1644991934299469,0.9348979592323303,0.16328857839107513,0.938589870929718,0.040117353200912476,0.9880126714706421,0.02669922076165676,0.9921658039093018,0.0697067454457283,0.9791696071624756,0.05750972032546997,0.9845842719078064,0.038200099021196365,0.986693263053894,0.03253095597028732,0.9878696203231812,0.09596597403287888,0.9684175252914429,0.0930258259177208,0.9696739912033081,0.041123177856206894,0.9862721562385559,0.03928631916642189,0.9893859028816223,0.04668119177222252,0.9876196384429932,0.03558257967233658,0.9901440739631653,0.15287892520427704,0.9401476383209229,0.15817798674106598,0.9368208646774292,0.07462693750858307,0.9769517779350281,0.07858245074748993,0.9757392406463623,0.05889511480927467,0.9793380498886108,0.047085296362638474,0.9845842719078064,0.054365962743759155,0.9817242622375488,0.05076054483652115,0.9835734367370605
0.03183820843696594,0.9905393123626709,0.04889167845249176,0.9873641729354858,0.05125322565436363,0.9818927049636841,0.06339231133460999,0.9812989830970764,0.055479396134614944,0.9799836874008179,0.06657515466213226,0.9759919047355652,0.06456000357866287,0.9765868186950684,0.06646285206079483,0.9764973521232605,0.039495136588811874,0.9872827529907227,0.047037072479724884,0.9871114492416382,0.11611717939376831,0.9549142122268677,0.1388654261827469,0.945918619632721,0.042103685438632965,0.9850369095802307,0.04393735155463219,0.985595166683197,0.05446029081940651,0.9810504913330078,0.054500289261341095,0.9825625419616699,0.04108697921037674,0.9864967465400696,0.04574897140264511,0.9845842719078064,0.1431085616350174,0.9436006546020508,0.15717509388923645,0.9368208646774292,0.024830294772982597,0.9929255247116089,0.021002937108278275,0.9941875338554382,0.05245589464902878,0.9832963943481445,0.0530143640935421,0.985595166683197,0.02624565176665783,0.9912972450256348,0.028510713949799538,0.9878696203231812,0.08079518377780914,0.9731899499893188,0.09078876674175262,0.9706848859786987,0.028751840814948082,0.9906235337257385,0.035731296986341476,0.9901440739631653,0.034638412296772,0.9898936152458191,0.03205207362771034,0.9909022450447083,0.12994645535945892,0.949776828289032,0.15293674170970917,0.9403588771820068,0.060116030275821686,0.9813873767852783,0.07592780143022537,0.9764973521232605,0.049655284732580185,0.9820892214775085,0.04373352602124214,0.9853424429893494,0.043933648616075516,0.9850649833679199,0.04871123656630516,0.9843316078186035
0.023703163489699364,0.9930378198623657,0.047684088349342346,0.9878696203231812,0.04262365773320198,0.9848403930664062,0.06396222114562988,0.9833207130432129,0.047436852008104324,0.9829314351081848,0.0668242797255516,0.9757392406463623,0.056678708642721176,0.9798714518547058,0.06575950235128403,0.9772555232048035,0.03240562230348587,0.9898655414581299,0.04662809148430824,0.9881223440170288,0.10363256931304932,0.9595744013786316,0.13864439725875854,0.9461713433265686,0.035330310463905334,0.9875634908676147,0.04443548619747162,0.9861006140708923,0.04797166958451271,0.983492910861969,0.05496983230113983,0.9807935357093811,0.03407013788819313,0.9889110326766968,0.04546148702502251,0.9853424429893494,0.12981955707073212,0.9495803117752075,0.15601299703121185,0.9370735287666321,0.01824014075100422,0.9947502613067627,0.019831404089927673,0.9951984286308289,0.04367133975028992,0.9853737950325012,0.05312651768326759,0.9858478903770447,0.0206917617470026,0.9934027791023254,0.02703932300209999,0.9891331791877747,0.07171311974525452,0.9766148924827576,0.0912579894065857,0.9706848859786987,0.022907977923750877,0.9922798275947571,0.03490578383207321,0.9898913502693176,0.0277119018137455,0.9911007285118103,0.03205111250281334,0.9914076328277588,0.11733285337686539,0.9543527960777283,0.15312369167804718,0.9393479824066162,0.05172035098075867,0.9835489988327026,0.07689523696899414,0.9780136346817017,0.043335672467947006,0.9845877289772034,0.04261576756834984,0.9858478903770447,0.03689942881464958,0.9872546792030334,0.04845435544848442,0.984836995601654
0.01831945963203907,0.994413435459137,0.0482623353600502,0.988880455493927,0.03558686375617981,0.9870020747184753,0.06636042892932892,0.9828152656555176,0.0405687615275383,0.9854018688201904,0.06903031468391418,0.9757392406463623,0.05041465163230896,0.9822576642036438,0.06652898341417313,0.9782663583755493,0.02733946405351162,0.99146568775177,0.04770880565047264,0.9886277914047241,0.09296382963657379,0.964038074016571,0.14169761538505554,0.9449077844619751,0.03023543953895569,0.989472508430481,0.04586730897426605,0.985595166683197,0.04261838272213936,0.9854299426078796,0.056589145213365555,0.9802880883216858,0.02852255292236805,0.9904831647872925,0.04651084169745445,0.9858478903770447,0.11860424280166626,0.954184353351593,0.15782290697097778,0.9365681409835815,0.014140001498162746,0.9959012866020203,0.020000837743282318,0.9954510927200317,0.037041790783405304,0.9874231219291687,0.05520005524158478,0.9861006140708923,0.016962625086307526,0.9948344826698303,0.02672675810754299,0.9893859028816223,0.06419672071933746,0.9791976809501648,0.09315328299999237,0.9696739912033081,0.018660007044672966,0.9941326975822449,0.03498324379324913,0.9893859028816223,0.022588424384593964,0.9925044178962708,0.03327430784702301,0.9914076328277588,0.10686660557985306,0.9588444828987122,0.1562383770942688,0.9388425946235657,0.04500798508524895,0.9855141639709473,0.07978732138872147,0.978519082069397,0.03755677118897438,0.9866371154785156,0.042785562574863434,0.9858478903770447,0.03095846436917782,0.9893602132797241,0.04965762794017792,0.985595166683197
0.01414753682911396,0.9955644011497498,0.050298016518354416,0.988880455493927,0.029352545738220215,0.989753246307373,0.07004556804895401,0.9818044304847717,0.034026794135570526,0.9882372617721558,0.0730016753077507,0.9754865169525146,0.044550325721502304,0.9850088357925415,0.06842130422592163,0.9775082468986511,0.02297072857618332,0.992672860622406,0.04987375810742378,0.9881223440170288,0.08283406496047974,0.9687544107437134,0.14753524959087372,0.9441496133804321,0.025699613615870476,0.9912130236625671,0.04793078452348709,0.984836995601654,0.03752701357007027,0.987086296081543,0.05897490307688713,0.9790245294570923,0.02358931116759777,0.9924482703208923,0.04868342727422714,0.9858478903770447,0.10792103409767151,0.9581987857818604,0.16184821724891663,0.9353045225143433,0.010907282121479511,0.9969680905342102,0.02110980451107025,0.9946929812431335,0.03106299228966236,0.9889671802520752,0.058517470955848694,0.985595166683197,0.013942389748990536,0.9958451390266418,0.027255933731794357,0.9893859028816223,0.057254642248153687,0.9815277457237244,0.09596402198076248,0.9689158797264099,0.015010837465524673,0.9951432943344116,0.03580469265580177,0.98963862657547,0.018136020749807358,0.9939361810684204,0.03532491251826286,0.9911549091339111,0.09693903475999832,0.9633081555366516,0.161685973405838,0.9411170482635498,0.0387064665555954,0.9876757860183716,0.08417569100856781,0.9775082468986511,0.03185155987739563,0.988939106464386,0.04403020814061165,0.985595166683197,0.025545231997966766,0.9916060566902161,0.05199836567044258,0.984836995601654
0.010688547976315022,0.9967715740203857,0.053861021995544434,0.9891331791877747,0.023794302716851234,0.9921675324440002,0.0747101679444313,0.9815517067909241,0.02785986103117466,0.9905112385749817,0.0785561352968216,0.9742228984832764,0.038756512105464935,0.9873950481414795,0.07136134058237076,0.9770027995109558,0.018955746665596962,0.9941046237945557,0.05299784615635872,0.9878696203231812,0.07293155044317245,0.9732460975646973,0.15582828223705292,0.9413697123527527,0.021468553692102432,0.9930939674377441,0.05070563405752182,0.9843316078186035,0.032464392483234406,0.9892759919166565,0.06206514686346054,0.9782663583755493,0.019079776480793953,0.993880033493042,0.051670633256435394,0.9868587255477905,0.09735310822725296,0.9632800817489624,0.16775698959827423,0.9340409636497498,0.008198274299502373,0.9976980090141296,0.02290879748761654,0.9939348101615906,0.025452757254242897,0.9914376139640808,0.0627545416355133,0.9850897192955017,0.011314928531646729,0.9968557953834534,0.028371984139084816,0.988880455493927,0.05057600513100624,0.9838858842849731,0.09941016882658005,0.9681577086448669,0.011751004494726658,0.9965189099311829,0.037385378032922745,0.98963862657547,0.014165408909320831,0.9951432943344116,0.03813043609261513,0.9911549091339111,0.0871826633810997,0.9675191640853882,0.16923916339874268,0.9403588771820068,0.03262325003743172,0.9895567297935486,0.08982965350151062,0.9772555232048035,0.026293106377124786,0.9912410974502563,0.0462881438434124,0.9843316078186035,0.020537449046969414,0.993739664554596,0.05536060407757759,0.9840788841247559
0.007851094007492065,0.9976418614387512,0.058221615850925446,0.9891331791877747,0.018977263942360878,0.9938519597053528,0.08006098121404648,0.9815517067909241,0.022302430123090744,0.9929255247116089,0.08537109941244125,0.9742228984832764,0.033051539212465286,0.9893882870674133,0.07547040283679962,0.9759919047355652,0.01526853907853365,0.9952555894851685,0.0569460391998291,0.9873641729354858,0.0633147805929184,0.9776816964149475,0.1662130206823349,0.9388425946235657,0.017540114000439644,0.9946098923683167,0.05430661141872406,0.9838261604309082,0.02745729871094227,0.9909603595733643,0.06586559116840363,0.9775082468986511,0.015088476240634918,0.9952275156974792,0.0553201325237751,0.98635333776474,0.08695773035287857,0.9681087136268616,0.17538633942604065,0.9325246810913086,0.005954963155090809,0.9982874989509583,0.025050291791558266,0.9931766390800476,0.020304830744862556,0.9934027791023254,0.06771944463253021,0.985595166683197,0.008999945595860481,0.9976980090141296,0.02980753779411316,0.9893859028816223,0.04411214962601662,0.986412525177002,0.10365485399961472,0.9666414260864258,0.008908335119485855,0.9976418614387512,0.03987780958414078,0.98963862657547,0.010787692852318287,0.9966592788696289,0.04176146164536476,0.9914076328277588,0.07767485082149506,0.9717863202095032,0.17872492969036102,0.9393479824066162,0.026882166042923927,0.991858720779419,0.09671800583600998,0.9764973521232605,0.02107814885675907,0.9931781888008118,0.049550410360097885,0.9835734367370605,0.016033725813031197,0.9952275156974792,0.05969758704304695,0.9835734367370605
0.005638036411255598,0.9983717203140259,0.06319276988506317,0.9893859028816223,0.014943210408091545,0.9954521059989929,0.08617590367794037,0.9805408120155334,0.0174914188683033,0.9949467778205872,0.09306487441062927,0.9742228984832764,0.027570564299821854,0.9909603595733643,0.08072434365749359,0.974475622177124,0.011967279016971588,0.9966873526573181,0.061548151075839996,0.9871114492416382,0.05418775975704193,0.9818365573883057,0.17797446250915527,0.9360626935958862,0.014052178710699081,0.9960697293281555,0.05877687782049179,0.9838261604309082,0.022701583802700043,0.99253249168396,0.07031552493572235,0.9759919047355652,0.011711031198501587,0.996406614780426,0.059471093118190765,0.9866060018539429,0.07695052027702332,0.9722635746002197,0.18462996184825897,0.9332827925682068,0.0042153624817729,0.9989051222801208,0.027357250452041626,0.9929239749908447,0.015794973820447922,0.9953959584236145,0.07326848059892654,0.9853424429893494,0.006995777133852243,0.9984278678894043,0.03153541311621666,0.9893859028816223,0.037886664271354675,0.9888548851013184,0.10904603451490402,0.9656305313110352,0.0065072220750153065,0.9985120892524719,0.043658286333084106,0.98963862657547,0.008088577538728714,0.9978664517402649,0.04614585265517235,0.9911549091339111,0.06858918070793152,0.97563236951828,0.18994881212711334,0.9383371472358704,0.021637607365846634,0.9935431480407715,0.10486960411071777,0.9764973521232605,0.01646062731742859,0.9950309991836548,0.053624141961336136,0.9815517067909241,0.012159905396401882,0.9965469837188721,0.06492386758327484,0.9833207130432129
0.003995887935161591,0.9990735650062561,0.068766288459301,0.988880455493927,0.011695340275764465,0.996940016746521,0.09308302402496338,0.9797827005386353,0.013443843461573124,0.996406614780426,0.10173764079809189,0.9734647870063782,0.022501161321997643,0.9931501150131226,0.08694148808717728,0.9742228984832764,0.00912426132708788,0.997613787651062,0.06669721007347107,0.9866060018539429,0.04585007205605507,0.9854018688201904,0.19110369682312012,0.9350517988204956,0.011140609160065651,0.9973330497741699,0.06392451375722885,0.9840788841247559,0.01845673844218254,0.9941046237945557,0.07536271214485168,0.9764973521232605,0.009055727161467075,0.9973330497741699,0.0641624853014946,0.9866060018539429,0.06747468560934067,0.9762499928474426,0.19544030725955963,0.9337882399559021,0.0029340283945202827,0.9992981553077698,0.029593786224722862,0.9934293627738953,0.012032930739223957,0.9970523118972778,0.07951250672340393,0.9843316078186035,0.005274366587400436,0.9989051222801208,0.03363388031721115,0.988880455493927,0.032015927135944366,0.9908480644226074,0.11582987010478973,0.9651250839233398,0.004559969529509544,0.9989893436431885,0.04824436455965042,0.98963862657547,0.006083665415644646,0.9986805319786072,0.050873130559921265,0.9911549091339111,0.060069285333156586,0.979225754737854,0.20288978517055511,0.9370735287666321,0.017025910317897797,0.9954521059989929,0.11405869573354721,0.9764973521232605,0.012558047659695148,0.9964346885681152,0.058428749442100525,0.9812989830970764,0.008971688337624073,0.9977541565895081,0.07094720005989075,0.9833207130432129
0.0028445834759622812,0.9992981553077698,0.07487067580223083,0.9886277914047241,0.009121173992753029,0.9976418614387512,0.10055674612522125,0.9790245294570923,0.010116467252373695,0.997613787651062,0.11141983419656754,0.973717451095581,0.017952710390090942,0.9949467778205872,0.09393846243619919,0.973717451095581,0.006838235072791576,0.9983717203140259,0.07242856174707413,0.98635333776474,0.03843970224261284,0.9881530404090881,0.2063862681388855,0.9337882399559021,0.008755777031183243,0.9981471300125122,0.06958834826946259,0.9833207130432129,0.014865501783788204,0.99519944190979,0.08117583394050598,0.9777609705924988,0.007013259455561638,0.9979787468910217,0.06928016990423203,0.9876168966293335,0.05865052714943886,0.9801240563392639,0.2078441083431244,0.9325246810913086,0.0020419347565621138,0.9995227456092834,0.03177770599722862,0.9936820864677429,0.008957586251199245,0.9978945255279541,0.08638936281204224,0.9838261604309082,0.003848147811368108,0.9991297125816345,0.036086954176425934,0.988880455493927,0.026661692187190056,0.9928413033485413,0.12395298480987549,0.9643669724464417,0.003047316102311015,0.9993543028831482,0.053002964705228806,0.988880455493927,0.004603930748999119,0.9991297125816345,0.0556703545153141,0.9906495213508606,0.05220808461308479,0.9828472137451172,0.21750345826148987,0.9363154172897339,0.013121343217790127,0.9965750575065613,0.12405981123447418,0.9762446284294128,0.009350438602268696,0.9975295662879944,0.0639476552605629,0.9800354242324829,0.006459716707468033,0.9985401630401611,0.07771453261375427,0.9818044304847717
0.0020557839889079332,0.9995788931846619,0.08124484121799469,0.9881223440170288,0.00708765396848321,0.9983155727386475,0.10836600512266159,0.978519082069397,0.007467400748282671,0.9982874989509583,0.12241280823945999,0.9734647870063782,0.014014513231813908,0.9963504672050476,0.1017347127199173,0.9724538922309875,0.005085082724690437,0.9988209009170532,0.07886415719985962,0.98635333776474,0.03195159137248993,0.9903708696365356,0.22383297979831696,0.9312610626220703,0.006814795546233654,0.9984840154647827,0.07544900476932526,0.9830679893493652,0.01189285796135664,0.9959855079650879,0.08785033226013184,0.9772555232048035,0.005406036041676998,0.9985120892524719,0.07465378195047379,0.9878696203231812,0.05063580721616745,0.9833806157112122,0.22184428572654724,0.9305029511451721,0.001412110636010766,0.9996631145477295,0.03412921726703644,0.9936820864677429,0.006528232246637344,0.9986805319786072,0.09391339868307114,0.9833207130432129,0.0027549138758331537,0.999466598033905,0.03855085000395775,0.9891331791877747,0.021883463487029076,0.9943292140960693,0.1331983059644699,0.9631033539772034,0.0019649378955364227,0.9996911883354187,0.058203257620334625,0.9883750677108765,0.0034680613316595554,0.9992700815200806,0.060582004487514496,0.9901440739631653,0.045108646154403687,0.9857668280601501,0.23370052874088287,0.9347991347312927,0.009890145622193813,0.9976418614387512,0.13479545712471008,0.975233793258667,0.006771073676645756,0.9983436465263367,0.0699489489197731,0.9800354242324829,0.004580265376716852,0.9990454912185669,0.08527939021587372,0.9820571541786194
0.0015157286543399096,0.9996631145477295,0.08779603242874146,0.9876168966293335,0.005512068513780832,0.9987647533416748,0.11641009151935577,0.978519082069397,0.005431309808045626,0.9989051222801208,0.13389553129673004,0.9727066159248352,0.010719175450503826,0.9973891973495483,0.11028812825679779,0.9727066159248352,0.0037727963645011187,0.9991858601570129,0.08588677644729614,0.98635333776474,0.026405133306980133,0.9924201965332031,0.2432481199502945,0.9320192337036133,0.005201348103582859,0.998792827129364,0.0813656896352768,0.9828152656555176,0.009472028352320194,0.9966873526573181,0.09544890373945236,0.9772555232048035,0.004181538242846727,0.9988770484924316,0.0801965743303299,0.9876168966293335,0.043494366109371185,0.9863002300262451,0.23732537031173706,0.9292393326759338,0.000957212527282536,0.999859631061554,0.03671667352318764,0.9936820864677429,0.004711297806352377,0.9992139339447021,0.10202446579933167,0.9830679893493652,0.0019250009208917618,0.9996350407600403,0.041172780096530914,0.98963862657547,0.01770869269967079,0.9955363273620605,0.14339104294776917,0.9625979661941528,0.0012349559692665935,0.9999157786369324,0.06343435496091843,0.9886277914047241,0.0025664889253675938,0.999466598033905,0.06577596813440323,0.9898913502693176,0.03881082311272621,0.9882091879844666,0.25148099660873413,0.9342936873435974,0.007316280156373978,0.9985120892524719,0.1467321664094925,0.9734647870063782,0.004751682747155428,0.9989893436431885,0.07635927945375443,0.9802880883216858,0.0032191635109484196,0.9995227456092834,0.09403074532747269,0.9815517067909241
0.0011265677167102695,0.9997473359107971,0.09454350173473358,0.9873641729354858,0.004314651247113943,0.9990735650062561,0.12460838258266449,0.9782663583755493,0.003871581982821226,0.9992420077323914,0.14575792849063873,0.9732120633125305,0.008070121519267559,0.9985401630401611,0.11932799965143204,0.9724538922309875,0.0027783673722296953,0.9995508193969727,0.0929805114865303,0.9861006140708923,0.021754303947091103,0.9941046237945557,0.2639530897140503,0.9302502274513245,0.003882922464981675,0.9991858601570129,0.08721094578504562,0.9823098182678223,0.007516430225223303,0.9973049759864807,0.10364733636379242,0.9777609705924988,0.0032494920305907726,0.9991016387939453,0.08579657971858978,0.9876168966293335,0.03715444728732109,0.9887706637382507,0.25433725118637085,0.9279757738113403,0.0006422923761419952,0.9999438524246216,0.039670493453741074,0.9939348101615906,0.003361958311870694,0.999466598033905,0.11062946170568466,0.9830679893493652,0.0012932003010064363,0.9997754096984863,0.04427669197320938,0.9901440739631653,0.01418351475149393,0.9967154264450073,0.15450744330883026,0.9610816240310669,0.0007577384822070599,0.9999438524246216,0.06882908195257187,0.9881223440170288,0.0018941318849101663,0.9996350407600403,0.07106132805347443,0.9898913502693176,0.03330322727560997,0.990286648273468,0.27087563276290894,0.9337882399559021,0.005334973800927401,0.9990454912185669,0.15973331034183502,0.9727066159248352,0.003251445945352316,0.9994385242462158,0.08340544253587723,0.9792772531509399,0.0022499412298202515,0.9996631145477295,0.10310614854097366,0.9818044304847717
0.000839279149658978,0.999859631061554,0.10141780972480774,0.9876168966293335,0.003385671880096197,0.9992139339447021,0.1329466998577118,0.9780136346817017,0.0027100779116153717,0.9995227456092834,0.15781180560588837,0.9729593396186829,0.006003153510391712,0.9991016387939453,0.12872439622879028,0.9714430570602417,0.0020381242502480745,0.9996631145477295,0.09991896897554398,0.9861006140708923,0.01785978302359581,0.9953398108482361,0.2853746712207794,0.9289866089820862,0.0028485944494605064,0.9994385242462158,0.09281443804502487,0.9825625419616699,0.005977282766252756,0.9978945255279541,0.11225537955760956,0.9775082468986511,0.0025332861114293337,0.9993543028831482,0.09127838909626007,0.9871114492416382,0.03157518431544304,0.9907077550888062,0.2728467583656311,0.9264594316482544,0.00042437738738954067,0.9999438524246216,0.04245607927441597,0.9936820864677429,0.0023689765948802233,0.9994946718215942,0.11978264898061752,0.9825625419616699,0.0008540153503417969,0.9999157786369324,0.04875103384256363,0.9901440739631653,0.011312591843307018,0.9975576400756836,0.1661771684885025,0.9618397951126099,0.00045839985250495374,0.9999719262123108,0.07438227534294128,0.9883750677108765,0.0013904838124290109,0.9997473359107971,0.07648846507072449,0.98963862657547,0.02852768823504448,0.9917464256286621,0.2917482256889343,0.9332827925682068,0.003854759270325303,0.9994385242462158,0.17322051525115967,0.9724538922309875,0.002167510101571679,0.9997473359107971,0.09095613658428192,0.9792772531509399,0.0015377721283584833,0.9997473359107971,0.11272676289081573,0.9820571541786194
0.0006305615534074605,0.9998877048492432,0.1083599179983139,0.9876168966293335,0.0026478522922843695,0.9992981553077698,0.14153392612934113,0.9780136346817017,0.0019000987522304058,0.9997473359107971,0.17038577795028687,0.9732120633125305,0.0044072819873690605,0.9992700815200806,0.13846808671951294,0.9716957211494446,0.0015017112018540502,0.9997754096984863,0.10671836882829666,0.9858478903770447,0.014606660231947899,0.9963223934173584,0.3075805604457855,0.9277230501174927,0.0020413401070982218,0.9995788931846619,0.09858836978673935,0.9825625419616699,0.004798549693077803,0.9984559416770935,0.12070643156766891,0.9767500758171082,0.001970507437363267,0.9994946718215942,0.09680521488189697,0.9868587255477905,0.026738325133919716,0.9922798275947571,0.29317498207092285,0.9251958727836609,0.00027159161982126534,1.0,0.04526317119598389,0.9936820864677429,0.0016780203441157937,0.9996911883354187,0.1292615681886673,0.9823098182678223,0.0005594293470494449,0.9999438524246216,0.05257821083068848,0.9901440739631653,0.009033679030835629,0.9981752038002014,0.17816120386123657,0.9608289003372192,0.0002755983732640743,1.0,0.07990298420190811,0.9878696203231812,0.0009963439079001546,0.9997754096984863,0.08214794844388962,0.98963862657547,0.024421226233243942,0.9934589266777039,0.31381702423095703,0.9320192337036133,0.00275807804428041,0.9996069669723511,0.1874396800994873,0.9716957211494446,0.0014152743387967348,0.9998877048492432,0.0985497385263443,0.9797827005386353,0.0010187160223722458,0.999859631061554,0.12269453704357147,0.9815517067909241
0.00047269067727029324,0.9999719262123108,0.11532191932201385,0.9876168966293335,0.0020664436742663383,0.9995227456092834,0.15090183913707733,0.9780136346817017,0.0013744281604886055,0.9997473359107971,0.1827336549758911,0.9734647870063782,0.0031760893762111664,0.9995508193969727,0.1485629677772522,0.9716957211494446,0.0010936376638710499,0.9998877048492432,0.11375485360622406,0.9861006140708923,0.01193995401263237,0.9971365332603455,0.33014562726020813,0.9269648790359497,0.0014306658413261175,0.9997473359107971,0.10478426516056061,0.9820571541786194,0.0039156111888587475,0.9991016387939453,0.12910938262939453,0.9762446284294128,0.0015309338923543692,0.9997192621231079,0.10247103869915009,0.9866060018539429,0.02259048819541931,0.9939642548561096,0.31514474749565125,0.9229214191436768,0.0001718066050671041,1.0,0.04815448820590973,0.9939348101615906,0.0012153369607403874,0.9997754096984863,0.13878025114536285,0.9818044304847717,0.00034477291046641767,0.9999719262123108,0.05588134750723839,0.9903967976570129,0.007238869555294514,0.9986243844032288,0.19071505963802338,0.960070788860321,0.0001646046875976026,1.0,0.08538243174552917,0.9873641729354858,0.0006876239203847945,0.999859631061554,0.08810246735811234,0.9891331791877747,0.020924054086208344,0.9947502613067627,0.3367779850959778,0.9289866089820862,0.0019340524449944496,0.9996911883354187,0.20242223143577576,0.9722011685371399,0.0009114182321354747,0.9999438524246216,0.1060948595404625,0.9797827005386353,0.000687326886691153,0.9999438524246216,0.1330781877040863,0.9815517067909241
0.00034678829251788557,0.9999719262123108,0.12215488404035568,0.9873641729354858,0.001614206819795072,0.9996631145477295,0.16087374091148376,0.9782663583755493,0.001037255278788507,0.9998034834861755,0.19375039637088776,0.9727066159248352,0.0022289829794317484,0.9997192621231079,0.15956678986549377,0.9719484448432922,0.0007778649451211095,0.9999157786369324,0.12092021107673645,0.9861006140708923,0.009784280322492123,0.9977822303771973,0.35256335139274597,0.9254485964775085,0.0009798349346965551,0.9998315572738647,0.11167366802692413,0.9815517067909241,0.0032535933423787355,0.9994385242462158,0.13761912286281586,0.9754865169525146,0.001194723416119814,0.9998315572738647,0.10835669934749603,0.9858478903770447,0.019026868045330048,0.9951432943344116,0.3387375771999359,0.9224159717559814,0.0001069629070116207,1.0,0.05108089745044708,0.9939348101615906,0.0008970636990852654,0.9999157786369324,0.1481620818376541,0.9818044304847717,0.0002043715212494135,1.0,0.0595252588391304,0.9898913502693176,0.005836244206875563,0.9988770484924316,0.20415544509887695,0.9598180651664734,9.70675318967551e-05,1.0,0.09087163209915161,0.9873641729354858,0.0004653309006243944,0.9999719262123108,0.09442636370658875,0.9891331791877747,0.017924929037690163,0.995732843875885,0.36059677600860596,0.9277230501174927,0.001334161963313818,0.9998315572738647,0.21805819869041443,0.9719484448432922,0.0005722831119783223,1.0,0.11411325633525848,0.9787718057632446,0.000467769947135821,1.0,0.14381879568099976,0.9812989830970764
0.00024121887690853328,0.9999719262123108,0.12873321771621704,0.9868587255477905,0.0012623470975086093,0.9998034834861755,0.17146378755569458,0.9780136346817017,0.0008206983911804855,0.9998877048492432,0.20372454822063446,0.9729593396186829,0.0015442951116710901,0.9998315572738647,0.1716725081205368,0.9709376096725464,0.0005370382568798959,0.9999438524246216,0.12825582921504974,0.9866060018539429,0.00803436990827322,0.998259425163269,0.3749794065952301,0.9249431490898132,0.0006533811683766544,0.9999157786369324,0.11970297992229462,0.9812989830970764,0.0027413598727434874,0.9996350407600403,0.14584724605083466,0.975233793258667,0.0009365691803395748,0.9998034834861755,0.1144108772277832,0.985595166683197,0.016001034528017044,0.995873212814331,0.3637186288833618,0.9224159717559814,6.571422272827476e-05,1.0,0.053992416709661484,0.9936820864677429,0.0006738084484823048,0.9999438524246216,0.157282292842865,0.9810462594032288,0.00012219474592711776,1.0,0.0638294368982315,0.9898913502693176,0.004695701412856579,0.9990174174308777,0.21769076585769653,0.9585545063018799,5.6818538723746315e-05,1.0,0.09643782675266266,0.9876168966293335,0.0003156014427077025,1.0,0.10116641223430634,0.9893859028816223,0.015298200771212578,0.9964627623558044,0.3854655921459198,0.926712155342102,0.0009185626404359937,0.9998877048492432,0.23365724086761475,0.9714430570602417,0.00036806255229748785,1.0,0.12235576659440994,0.978519082069397,0.000308846851112321,1.0,0.15440745651721954,0.9805408120155334
0.0001621451083337888,1.0,0.13514353334903717,0.9871114492416382,0.0009956685826182365,0.999859631061554,0.182442769408226,0.9775082468986511,0.0006582368514500558,0.9998877048492432,0.21116849780082703,0.9727066159248352,0.0011049648746848106,0.9999157786369324,0.18445582687854767,0.9696739912033081,0.0003609206760302186,0.9999438524246216,0.1357608288526535,0.9866060018539429,0.006611522287130356,0.9985682368278503,0.3968968391418457,0.9272176027297974,0.0004216547531541437,0.9999719262123108,0.12820951640605927,0.9812989830970764,0.0023181159049272537,0.9996911883354187,0.15427492558956146,0.974475622177124,0.0007330981316044927,0.9998315572738647,0.12051200866699219,0.9840788841247559,0.013468273915350437,0.996940016746521,0.3898514211177826,0.9224159717559814,3.9604627090739086e-05,1.0,0.056791435927152634,0.9939348101615906,0.0005103619769215584,0.9999438524246216,0.16621258854866028,0.9818044304847717,7.288566848728806e-05,1.0,0.06866364926099777,0.9898913502693176,0.0037718957755714655,0.9992981553077698,0.23209702968597412,0.9575436115264893,3.317874870845117e-05,1.0,0.1020827442407608,0.9873641729354858,0.0002173527900595218,1.0,0.10822991281747818,0.9891331791877747,0.012968681752681732,0.997080385684967,0.41173994541168213,0.9259540438652039,0.0006319512613117695,0.9999157786369324,0.24904999136924744,0.9716957211494446,0.00023782333300914615,1.0,0.13147670030593872,0.9782663583755493,0.00019751362560782582,1.0,0.16436751186847687,0.9797827005386353
